Item,Earlier Unit Sale Price,Higher Unit Sale Price (Observed),Other Observed Unit Sale Price(s)
T1 Cloth Armor,25 copper,,
T1 Leather Armor,40 copper,,
T1 Rusty 1H Weapon,13 copper,,
T1 Rusty 2H Weapon,25 copper,,
T1 Rusty Shield,25 copper,,
T1 Worn Bow / Staff,50 copper,,
T2 Chain Armor,1 silver 25 copper,,
T2 Leather Armor,80 copper,,
T2 Bronze Weapon,1 silver 25 copper,,
T2 Bronze 2H Weapon,1 silver 50 copper,,
T2 Bronze Shield,62 copper,,
T2 Fine Wood Bow,2 silver 50 copper,,
T3 Bronze Weapon,3 silver,,
T3 Bronze 2H Weapon,4 silver,,
T3 Chain Armor,3 silver 50 copper,,
T3 Leather Armor,1 silver 80 copper,,
T3 Iron Weapon,4 silver 50 copper,,
T3 Iron Shield,2 silver,,
T3 Iron Plate Armor,5 silver,,
T4 Steel Weapon,8 silver,,
T4 Plate / Chain Armor,10 silver,,
Ashira Warrior Pelt,2 copper,,
Bat Eye,5 copper,,
Bat Fur,5 copper,,
Bat Tooth,1 copper,5 copper,2 copper
Bat Wing,5 copper,,
Bell Pepper,2 copper,,
Boiled Scarab Legs,11 copper,,
Bone Ash,7 copper,,
Bone Chips,1 copper,,
Broken Grain Beetle Legs,5 copper,,
Butter,1 copper,,
Cabbage,3 copper,,
Carrot,2 copper,,
Cooked Ashira Meat,6 copper,,
Cooked Crocodile Meat,5 copper,,
Crocodile Hide,12 copper,,
Crocodile Tooth,8 copper,,
Deep Beetle Carapace,2 copper,,
Fire Beetle Carapace,2 copper,,
Fire Beetle Eye,15 copper,,
Fire Beetle Gland,5 copper,,
Fire Beetle Legs,5 copper,,
Garlic,3 copper,,
Giant Scarab Eye,10 copper,,
Giant Scarab Leg,4 copper,,
Harvallen Root,2 silver 25 copper,,
Immature Snake Venom Sac,2 copper,6 copper,
Intact Grain Beetle Leg,5 copper,,
Jackal Tooth,2 copper,5 copper,
Large Bat Fur,7 copper,,
Large Bat Wing,7 copper,,
Low-Quality Jackal Pelt,2 copper,,
Multhele Root,1 copper,,
Potato,2 copper,,
Rat Ear,5 copper,,
Rat Foot,5 copper,,
Rat Tooth,2 copper,6 copper,
Raw Ashira Meat,5 copper,,
Raw Bat Meat,3 copper,,
Raw Beetle Meat,5 copper,,
Raw Crocodile Meat,5 copper,,
Raw Goblin Meat,5 copper,,
Raw Human Meat,5 copper,,
Raw Jackal Meat,5 copper,,
Raw Rat Meat,5 copper,,
Raw Snake Meat,3 copper,,
Resin,1 copper,,
Scarab Eye,5 copper,,
Scarab Leg,5 copper,,
Shattered Skeleton Femur,1 copper,,
Skeleton Jawbone,1 copper,,
Snake Egg,2 copper,,
Snake Fang,2 copper,5 copper,
Snake Skin,5 copper,,
Spider Legs,5 copper,,
Spider Silk,5 copper,,
Spiderling Eye,6 copper,,
Tomato,11 copper,,
Wood,2 copper,,
